{"btc_std": 0.07174508273601532, "eth_std": 0.09751784056425095}