{"btc_std": 0.02608010359108448, "eth_std": 0.03539825975894928}