{"btc_std": 0.004927585367113352, "eth_std": 0.006674543488770723}