{"btc_std": 0.0014796748291701078, "eth_std": 0.0019495348678901792}